patient_id,cohort,inflammation
0,A,1.2456
1,A,7.1234
2,B,7.92136654
3,B,4.75823
4, ,5.34563
5,C,1.001124324
6,C,0.001
